<?xml version="1.0" encoding="UTF-8"?>
<!--<beans xmlns="http://www.springframework.org/schema/beans"-->
<!--       xmlns:xsi="http://www.w3.org/2001/XMLSchema-instance"-->
<!--       xsi:schemaLocation="http://www.springframework.org/schema/beans http://www.springframework.org/schema/beans/spring-beans.xsd">-->

<!--</beans>-->
<!DOCTYPE mapper PUBLIC "-//mybatis.org//DTD Mapper 3.0//EN" "http://mybatis.org/dtd/mybatis-3-mapper.dtd" >
<mapper namespace="com.water.mapper.FoodMapper">
    <resultMap id="BaseResultMap" type="com.water.javaBean.Food">
        <id column="id" property="id" jdbcType="INTEGER"/>
        <result column="name" property="name" jdbcType="VARCHAR"/>
        <result column="price" property="price" jdbcType="VARCHAR"/>
        <result column="src" property="src" jdbcType="VARCHAR"/>
        <result column="classs" property="classs" jdbcType="VARCHAR"/>
    </resultMap>

    <select id="CheckFoods" resultType="com.water.javaBean.Food">
        select * from food where classs LIKE CONCAT('%', #{classs}, '%');
    </select>

    <select id="CheckItems_by" resultType="com.water.javaBean.Food">
        select * from food where classs LIKE CONCAT('%', #{classs}, '%');
    </select>

    <select id="GetOrderInfo" resultType="com.water.javaBean.Food">
        select * from food where id = #{id};
    </select>


</mapper>
