<?xml version="1.0" encoding="UTF-8"?>
<!--<beans xmlns="http://www.springframework.org/schema/beans"-->
<!--       xmlns:xsi="http://www.w3.org/2001/XMLSchema-instance"-->
<!--       xsi:schemaLocation="http://www.springframework.org/schema/beans http://www.springframework.org/schema/beans/spring-beans.xsd">-->

<!--</beans>-->
<!DOCTYPE mapper PUBLIC "-//mybatis.org//DTD Mapper 3.0//EN" "http://mybatis.org/dtd/mybatis-3-mapper.dtd" >
<mapper namespace="com.water.mapper.OrderMapper">
<resultMap id="BaseResultMap" type="com.water.javaBean.Food">
    <id column="id" property="id" jdbcType="INTEGER"/>
    <result column="username" property="username" jdbcType="VARCHAR"/>
    <result column="itemId" property="itemId" jdbcType="VARCHAR"/>
</resultMap>


<insert id="SaveOrder" parameterType="com.water.javaBean.Order">
    INSERT INTO orders (username,itemId) VALUES (#{username},#{itemId});
</insert>

    <select id="GetOrderId" resultType="com.water.javaBean.Order">
        select * from orders where username = #{username};
    </select>

    <delete id="DeleteOrder" parameterType="com.water.javaBean.Order">
        DELETE FROM orders WHERE username = #{username} AND itemId = #{itemId};
    </delete>



</mapper>