<?xml version="1.0" encoding="UTF-8"?>
<!--<beans xmlns="http://www.springframework.org/schema/beans"-->
<!--       xmlns:xsi="http://www.w3.org/2001/XMLSchema-instance"-->
<!--       xsi:schemaLocation="http://www.springframework.org/schema/beans http://www.springframework.org/schema/beans/spring-beans.xsd">-->

<!--</beans>-->
<!DOCTYPE mapper PUBLIC "-//mybatis.org//DTD Mapper 3.0//EN" "http://mybatis.org/dtd/mybatis-3-mapper.dtd" >
<mapper namespace="com.water.mapper.UserMapper" >
    <resultMap id="BaseResultMap" type="com.water.javaBean.User" >
        <result column="username" property="username" jdbcType="VARCHAR" />
        <result column="password" property="password" jdbcType="VARCHAR" />
        <result column="touxiang" property="touxiang" jdbcType="VARCHAR" />
    </resultMap>


    <select id="Login" resultType="int">
        select count(*) FROM user where username = #{user.username} and password = #{user.password};
    </select>

    <insert id="Register" parameterType="com.water.javaBean.User">
        INSERT INTO user (username, password, touxiang) VALUES (#{user.username}, #{user.password}, #{user.touxiang});
    </insert>

    <update id="Reset" parameterType="com.water.javaBean.User">
        UPDATE user SET password = #{user.password} WHERE username = #{user.username};
    </update>

    <select id="GetMyInfo" resultType="com.water.javaBean.User">
        select * FROM  user where username = #{username};
    </select>

    <update id="SaveMyInfo" parameterType="com.water.javaBean.User">
        UPDATE user SET touxiang = #{user.touxiang} WHERE username = #{user.username};
    </update>


</mapper>