<?xml version="1.0" encoding="UTF-8"?>
<!DOCTYPE mapper PUBLIC "-//mybatis.org//DTD Mapper 3.0//EN" "http://mybatis.org/dtd/mybatis-3-mapper.dtd" >
<mapper namespace="com.waterexaminatonsystem.Mapper.DevDataMapper" >
    <resultMap id="BaseResultMap" type="com.waterexaminatonsystem.JavaBean.DevData" >
        <id column="id" property="id" jdbcType="VARCHAR" />

        <result column="deviId" property="deviId" jdbcType="VARCHAR" />
        <result column="temp" property="temp" jdbcType="VARCHAR" />
        <result column="muddy" property="muddy" jdbcType="VARCHAR" />
        <result column="ph" property="ph" jdbcType="VARCHAR" />
        <result column="conductivity" property="conductivity" jdbcType="VARCHAR" />
        <result column="deep" property="deep" jdbcType="VARCHAR" />

    </resultMap>


    <select id="selectAll" resultType="com.waterexaminatonsystem.JavaBean.DevData">
        select * FROM  devdata limit #{devData.page},#{devData.size}
    </select>
        <select id="selectMangaName" resultType="com.waterexaminatonsystem.JavaBean.DevData">
            select * FROM  devdata where devId like CONCAT('%',#{devData.devId},'%') limit #{devData.page},#{devData.size}
        </select>
    <!--    <select id="selectStyle" resultType="com.illegal.JavaBean.IllegalRecord">-->
    <!--        select * FROM  manga where style = #{manga.style} limit #{manga.page},#{manga.size}-->
    <!--    </select>-->
    <!--    <select id="selectPlace" resultType="com.illegal.JavaBean.IllegalRecord">-->
    <!--        select * FROM  manga where place = #{manga.place} limit #{manga.page},#{manga.size}-->
    <!--    </select>-->
    <!--    <select id="selectAttribute" resultType="com.illegal.JavaBean.IllegalRecord">-->
    <!--        select * FROM  manga where attribute = #{manga.attribute} limit #{manga.page},#{manga.size}-->
    <!--    </select>-->
    <!--    <select id="selectAuthor" resultType="com.illegal.JavaBean.IllegalRecord">-->
    <!--        select * FROM  manga where author like CONCAT('%',#{manga.author},'%')-->
    <!--    </select>-->
    <!--    <select id="selectId" resultType="com.illegal.JavaBean.IllegalRecord">-->
    <!--        select * FROM  manga where id= #{manga.id}-->
    <!--    </select>-->
    <!--    <select id="selectIdName" resultType="com.illegal.JavaBean.IllegalRecord">-->
    <!--        select id FROM  manga where name= #{manga.name}-->
    <!--    </select>-->
    <!--管理端-->
    <select id="deleteWork" resultType="Integer">
        DELETE FROM devData WHERE id = #{devData.id};
    </select>
    <select id="updateManga" parameterType="com.waterexaminatonsystem.JavaBean.DevData" >
        update devData set devId = #{devData.devId}, temp = #{devData.temp}, ph = #{devData.ph}, deep = #{devData.deep}, muddy = #{devData.muddy}, conductivity = #{devData.conductivity} where id = #{devData.id}
    </select>
    <!--    <select id="selectMangaCount" resultType="int">-->
    <!--        select count(*) from manga-->
    <!--    </select>-->
    <!--    <select id="selectPlaceJapan" resultType="int" >-->
    <!--        select count(*) from manga where place ='日漫'-->
    <!--    </select>-->
    <!--    <select id="selectPlaceChina" resultType="int" >-->
    <!--        select count(*) from manga where place ='国漫'-->
    <!--    </select>-->
    <!--    <select id="selectPlaceH" resultType="int" >-->
    <!--        select count(*) from manga where place ='韩漫'-->
    <!--    </select>-->


    <select id="selectDevCount" resultType="Integer" >
        SELECT COUNT(DISTINCT devId) FROM devdata;
    </select>
</mapper>