<?xml version="1.0" encoding="UTF-8" ?>
<!DOCTYPE mapper PUBLIC "-//mybatis.org//DTD Mapper 3.0//EN" "http://mybatis.org/dtd/mybatis-3-mapper.dtd" >
<mapper namespace="com.waterexaminatonsystem.Mapper.RootMapper" >
    <resultMap id="BaseResultMap" type="com.waterexaminatonsystem.JavaBean.Root" >
        <id column="id" property="id" jdbcType="VARCHAR" />
        <result column="username" property="username" jdbcType="VARCHAR" />
        <result column="password" property="password" jdbcType="VARCHAR" />
        <result column="role" property="role" jdbcType="VARCHAR" />


    </resultMap>

    <!--登录-->
    <select id="rootLogin" parameterType="com.waterexaminatonsystem.JavaBean.Root">
        select * FROM  roots where username=#{root.username} and password=#{root.password}
    </select>
    <!--注册-->
    <insert id="rootRegister" parameterType="com.waterexaminatonsystem.JavaBean.Root" >
        insert into roots(username,password,role) values ( #{root.username},#{root.password},#{root.role})
    </insert>
    <!--    查询全部管理员信息-->
    <select id="rootSelectInform" parameterType="com.waterexaminatonsystem.JavaBean.Root">
        select * FROM  roots limit #{root.size},8
    </select>
    <!--    删除管理员-->
    <delete id="rootDelete" parameterType="com.waterexaminatonsystem.JavaBean.Root">
        delete from roots where id=#{root.id}
    </delete>
    <!--    管理员信息修改-->
    <update id="rootUpdate" parameterType="com.waterexaminatonsystem.JavaBean.Root">
        update roots set username=#{root.username},role=#{root.role} where id =#{root.id}
    </update>
    <!--    修改密码-->
    <update id="rootUpdatePassword" parameterType="com.waterexaminatonsystem.JavaBean.Root">
        update roots set password=#{root.password} where id =#{root.id}
    </update>
    <select id="selectRootCount" resultType="int">
        select count(*) from roots
    </select>
    <!--查询-->
    <select id="selectRootName" parameterType="com.waterexaminatonsystem.JavaBean.Root">
        select * from roots where username like CONCAT('%',#{root.username},'%')
    </select>
<!--    &lt;!&ndash;    查询全部管理员信息&ndash;&gt;-->
<!--    <select id="rootSelectInform" parameterType="com.demo.javaBean.Root">-->
<!--        select * FROM  roots limit #{root.size},8-->
<!--    </select>-->
<!--    &lt;!&ndash;    删除管理员&ndash;&gt;-->
<!--    <delete id="rootDelete" parameterType="com.demo.javaBean.Root">-->
<!--        delete from roots where id=#{root.id}-->
<!--    </delete>-->
<!--    &lt;!&ndash;    管理员信息修改&ndash;&gt;-->
<!--    <update id="rootUpdate" parameterType="com.demo.javaBean.Root">-->
<!--        update roots set username=#{root.username},role=#{root.role} where id =#{root.id}-->
<!--    </update>-->
<!--    &lt;!&ndash;    修改密码&ndash;&gt;-->
<!--    <update id="rootUpdatePassword" parameterType="com.demo.javaBean.Root">-->
<!--        update roots set password=#{root.password} where id =#{root.id}-->
<!--    </update>-->


</mapper>