<?xml version="1.0" encoding="UTF-8" ?>
<!DOCTYPE mapper PUBLIC "-//mybatis.org//DTD Mapper 3.0//EN" "http://mybatis.org/dtd/mybatis-3-mapper.dtd" >
<mapper namespace="com.waterexaminatonsystem.Mapper.UserMapper" >
    <resultMap id="BaseResultMap" type="com.waterexaminatonsystem.JavaBean.User" >
        <id column="id" property="id" jdbcType="VARCHAR" />
        <result column="phone" property="phone" jdbcType="VARCHAR" />
        <result column="password" property="password" jdbcType="VARCHAR" />
        <result column="sex" property="sex" jdbcType="VARCHAR" />
        <result column="age" property="age" jdbcType="VARCHAR" />
        <result column="email" property="email" jdbcType="VARCHAR" />
        <result column="registerTime" property="registerTime" jdbcType="VARCHAR" />

        <result column="devId" property="devId" jdbcType="VARCHAR" />
        <result column="page" property="page" jdbcType="VARCHAR" />
        <result column="size" property="size" jdbcType="VARCHAR" />
    </resultMap>

    <!--登录-->
    <select id="login" resultType="int">
        select count(*) FROM  users where phone=#{user.phone} and password=#{user.password}
    </select>
    <!--    注册-->
    <insert id="register" parameterType="com.waterexaminatonsystem.JavaBean.User">
        insert into users(password,phone) values ( #{user.password},#{user.phone})
    </insert>
    <!--    查询id-->
    <select id="selectID" parameterType="com.waterexaminatonsystem.JavaBean.User">
        select id FROM  users where phone=#{user.phone}
    </select>
    <!--    查询手机号-->
    <select id="selectPhone" resultType="int">
        select count(*) FROM  users where phone=#{user.phone}
    </select>
    <!--    查询全体用户信息-->
    <select id="selectInform" parameterType="com.waterexaminatonsystem.JavaBean.User">
        select * FROM  users where phone=#{user.phone}
    </select>
    <!--    更新用户名字-->
    <select id="updateUsername" parameterType="com.waterexaminatonsystem.JavaBean.User" >
        update users
        set username = #{user.username} where phone = #{user.phone}
    </select>
    <!--    更新年龄-->
    <select id="updateAge" parameterType="com.waterexaminatonsystem.JavaBean.User" >
        update users
        set age = #{user.age} where phone = #{user.phone}
    </select>
    <select id="updateSex" parameterType="com.waterexaminatonsystem.JavaBean.User" >
        update users
        set  sex = #{user.sex} where phone = #{user.phone}
    </select>
    <select id="updateAddress" parameterType="com.waterexaminatonsystem.JavaBean.User" >
        update users
        set
            address = #{user.address} where phone = #{user.phone}
    </select>
    <select id="updateHobby" parameterType="com.waterexaminatonsystem.JavaBean.User" >
        update users
        set
            hobby = #{user.hobby}
        where phone = #{user.phone}
    </select>
    <select id="updateWork" parameterType="com.waterexaminatonsystem.JavaBean.User" >
        update users
        set
            work = #{user.work}
        where phone = #{user.phone}
    </select>
    <select id="updateEmail" parameterType="com.waterexaminatonsystem.JavaBean.User" >
        update users
        set
            email = #{user.email}
        where phone = #{user.phone}
    </select>


    <!--    微信登录-->
    <select id="loginWx" parameterType="com.waterexaminatonsystem.JavaBean.User">
        select * FROM  users where phone=#{user.phone} and password=#{user.password}
    </select>
    <!--    小程序用户修改信息-->
    <update id="updateUserInform" parameterType="com.waterexaminatonsystem.JavaBean.User" >
        update users
        set   username = #{user.username},
              age = #{user.age},
              sex = #{user.sex},
              email = #{user.email},
              address=#{user.address},
              work=#{user.work},
              hobby = #{user.hobby}
        where phone = #{user.phone}
    </update>
    <select id="selectUserPhone" parameterType="com.waterexaminatonsystem.JavaBean.User">
        select * from users where id=#{user.id}
    </select>

    <update id="bingDing" parameterType="com.waterexaminatonsystem.JavaBean.User" >
        update users
        set   devId = #{user.devId} where id =#{user.id}
    </update>
    <!--    管理员端-->
    <!--    修改用户密码-->
    <update id="userUpdatePassword" parameterType="com.waterexaminatonsystem.JavaBean.User">
        update users set password=#{user.password} where id =#{user.id}
    </update>
    <!--    展示用户列表-->
    <select id="selectAllUser" parameterType="com.waterexaminatonsystem.JavaBean.User">
        select * FROM  users limit #{user.page}, #{user.size}
    </select>
    <!--    删除用户-->
    <select id="deleteUser" resultType="int">
        DELETE FROM users WHERE id = #{user.id} ;
    </select>
    <!--    修改用户信息-->
    <select id="updateUser" parameterType="com.waterexaminatonsystem.JavaBean.User" >
        update users
        set   username = #{user.username},
              age = #{user.age},
              sex = #{user.sex},
              phone = #{user.phone},
              email = #{user.email},
              carType=#{user.carType}
        where id = #{user.id}
    </select>
    <select id="selectUserName" parameterType="com.waterexaminatonsystem.JavaBean.User">
        select * FROM  users where username = #{user.username} ;
    </select>
    <!--    增加用户-->
    <insert id="registerRoot" parameterType="com.waterexaminatonsystem.JavaBean.User">
        insert into users(password,phone) values ( #{user.password},#{user.phone})
    </insert>
    <!--    统计用户总人数-->
    <select id="selectUserCount" resultType="int">
        select count(*) from users
    </select>

</mapper>